A,T,C,G,-
0,0,0,776,0
0,778,0,0,0
0,0,777,0,1
0,0,776,0,0
0,778,0,0,0
0,0,778,0,0
777,0,0,0,0
778,0,0,0,0
0,778,0,0,0
0,0,778,0,0
0,0,0,778,0
0,0,777,0,0
778,0,0,0,0
0,0,778,0,0
0,778,0,0,0
0,0,0,778,0
2,0,0,775,0
777,0,0,0,1
778,0,0,0,0
774,0,0,0,0
0,0,775,0,3
778,0,0,0,0
0,778,0,0,0
1,0,772,0,5
773,0,0,0,4
776,0,0,0,1
0,0,0,773,4
5,0,0,766,5
0,772,0,0,5
0,0,762,0,14
3,0,0,709,53
343,135,116,156,1
394,51,142,164,1
254,141,204,151,1
206,157,180,199,2
296,136,190,116,3
345,79,200,115,3
161,132,244,211,4
188,203,141,216,4
182,93,229,240,7
225,182,86,247,9
71,94,252,308,10
2,755,3,2,13
0,758,0,2,5
7,2,0,757,10
774,0,0,0,4
0,1,773,0,3
774,0,0,0,3
3,0,0,771,4
0,1,774,0,3
0,775,0,0,3
777,0,0,0,1
231,0,0,532,1
0,0,776,0,0
0,778,0,0,0
0,0,776,0,1
776,0,0,0,1
0,0,0,778,0
0,778,0,0,0
0,0,777,0,1
0,0,773,0,1
0,776,0,0,2
776,0,0,0,1
3,0,0,775,0
2,0,0,774,0
0,778,0,0,0
778,0,0,0,0
0,778,0,0,0
778,0,0,0,0
776,0,0,0,0
0,778,0,0,0
1,0,0,776,0
0,0,778,0,0
0,778,0,0,0
778,0,0,0,0
0,0,0,778,0
0,0,778,0,0
777,0,0,0,1
778,0,0,0,0
775,0,0,0,0
0,0,0,777,1
778,0,0,0,0
0,0,0,777,1
1,0,0,775,0
777,0,0,0,0
0,0,0,777,0
778,0,0,0,0
778,0,0,0,0
776,0,0,1,0
1,0,0,777,0
0,0,0,777,0
777,0,0,0,0
0,778,0,0,0
0,0,778,0,0
0,777,0,0,1
777,0,0,0,0
0,774,0,2,2
1,0,0,751,7
0,0,0,395,370
0,378,0,0,385
2,1,389,1,376
774,0,0,0,0
1,0,0,775,0
0,778,0,0,0
778,0,0,0,0
778,0,0,0,0
776,0,0,0,0
0,0,0,778,0
0,0,0,777,0
778,0,0,0,0
1,0,0,777,0
777,0,0,0,1
777,0,0,0,0
2,0,0,776,0
777,0,0,0,1
776,0,0,0,0
0,1,777,0,0
0,776,0,0,2
0,777,1,0,0
0,778,0,0,0
0,774,0,0,0
0,0,778,0,0
778,0,0,0,0
0,1,776,0,1
0,775,0,0,2
1,1,0,774,1
0,0,0,776,0
778,0,0,0,0
0,0,0,777,0
0,777,0,0,1
0,776,0,0,1
1,0,0,775,1
0,778,0,0,0
1,0,771,0,2
0,0,778,0,0
0,0,766,0,1
777,0,0,0,1
777,0,0,0,1
0,777,0,0,1
0,778,0,0,0
0,0,776,0,2
0,778,0,0,0
0,778,0,0,0
1,0,0,775,0
0,778,0,0,0
0,778,0,0,0
1,0,0,775,1
778,0,0,0,0
777,0,0,0,0
0,778,0,0,0
0,777,0,0,0
776,0,0,0,1
0,0,0,776,1
778,0,0,0,0
0,777,0,0,0
0,0,0,778,0
1,0,0,776,0
0,777,0,0,0
0,0,0,777,0
778,0,0,0,0
0,778,0,0,0
2,0,0,776,0
0,778,0,0,0
0,777,0,0,0
778,0,0,0,0
777,0,0,0,0
0,778,0,0,0
1,0,0,775,1
2,0,0,776,0
2,0,0,765,0
0,0,775,0,1
777,0,0,0,1
0,2,774,1,1
778,0,0,0,0
778,0,0,0,0
777,0,0,0,0
0,777,0,0,1
0,778,0,0,0
0,0,778,0,0
0,777,0,0,0
0,2,775,0,1
0,778,0,0,0
1,0,0,777,0
0,778,0,0,0
0,0,778,0,0
777,0,0,0,0
1,0,0,776,0
0,777,0,0,0
2,0,0,772,1
0,0,0,777,0
776,0,0,0,0
0,0,0,777,1
776,0,0,0,1
0,0,0,776,0
1,0,0,777,0
3,0,0,767,0
0,777,0,0,0
3,0,0,774,0
778,0,0,0,0
777,0,0,0,0
0,0,0,778,0
2,0,0,774,0
0,778,0,0,0
1,0,0,777,0
778,0,0,0,0
0,778,0,0,0
1,0,0,777,0
0,0,778,0,0
777,0,0,0,1
776,0,0,0,0
0,0,778,0,0
778,0,0,0,0
0,778,0,0,0
778,0,0,0,0
1,0,776,0,0
0,0,0,776,0
1,0,0,775,0
778,0,0,0,0
778,0,0,0,0
778,0,0,0,0
774,0,0,0,0
0,0,778,0,0
0,778,0,0,0
0,777,0,0,0
776,0,0,0,0
0,0,773,0,2
0,0,778,0,0
0,0,770,0,0
0,776,1,0,0
0,777,0,0,0
777,0,0,0,0
778,0,0,0,0
778,0,0,0,0
0,778,0,0,0
0,778,0,0,0
0,778,0,0,0
778,0,0,0,0
0,778,0,0,0
0,778,0,0,0
0,776,1,0,0
1,0,0,777,0
0,0,778,0,0
777,0,0,0,0
0,0,778,0,0
0,778,0,0,0
778,0,0,0,0
0,0,778,0,0
0,777,0,0,1
1,0,0,776,0
1,0,0,777,0
777,0,0,0,1
778,0,0,0,0
774,0,0,0,0
4,0,0,774,0
0,0,778,0,0
0,778,0,0,0
778,0,0,0,0
0,0,778,0,0
0,1,776,1,0
0,778,0,0,0
1,0,0,777,0
0,777,0,0,1
0,778,0,0,0
0,0,773,0,3
0,0,777,0,0
776,1,0,0,0
0,777,0,0,1
1,0,0,775,2
2,0,0,776,0
1,0,776,0,1
0,0,778,0,0
778,0,0,0,0
778,0,0,0,0
0,0,776,0,0
777,0,0,0,0
1,0,776,0,0
0,777,0,0,1
0,778,0,0,0
1,0,0,777,0
0,775,0,0,3
0,0,777,0,1
778,0,0,0,0
1,2,775,0,0
0,778,0,0,0
777,0,0,0,0
0,0,777,0,0
0,771,0,0,7
0,777,0,0,0
0,776,0,0,0
3,0,0,754,0
348,5,0,371,28
3,1,368,369,10
0,740,2,12,13
0,568,187,0,7
319,4,7,407,18
0,338,0,426,5
2,0,0,770,1
3,0,0,738,1
2,727,1,17,19
394,2,183,173,1
372,370,0,0,0
0,775,0,0,0
0,0,778,0,0
778,0,0,0,0
778,0,0,0,0
0,778,0,0,0
0,0,0,778,0
1,0,776,0,0
0,775,0,0,1
0,778,0,0,0
0,776,0,0,0
0,301,1,438,0
0,0,778,0,0
777,0,0,0,0
776,0,0,0,0
0,0,1,776,0
777,0,0,0,0
0,778,0,0,0
778,0,0,0,0
0,0,777,0,0
0,0,778,0,0
0,0,773,0,0
778,0,0,0,0
4,0,0,774,0
778,0,0,0,0
0,778,0,0,0
0,0,778,0,0
778,0,0,0,0
0,778,0,0,0
778,0,0,0,0
0,778,0,0,0
2,0,0,775,1
777,0,0,0,1
778,0,0,0,0
777,0,0,0,0
0,0,777,0,1
778,0,0,0,0
2,0,0,775,0
0,0,778,0,0
776,0,0,0,2
0,778,0,0,0
3,0,0,775,0
778,0,0,0,0
1,0,777,0,0
0,773,1,0,3
0,777,0,0,0
0,778,0,0,0
0,778,0,0,0
0,767,0,0,0
0,0,776,0,2
777,0,0,1,0
777,0,0,0,0
0,0,0,776,2
776,0,0,0,1
0,0,0,777,1
0,778,0,0,0
1,0,0,774,2
0,0,778,0,0
1,0,775,0,0
777,0,0,1,0
0,777,0,0,1
2,0,0,775,1
0,0,770,0,6
0,0,778,0,0
0,0,774,0,0
2,0,0,776,0
778,0,0,0,0
777,0,0,0,0
1,0,0,777,0
1,0,0,777,0
0,777,0,0,1
0,777,0,0,0
778,0,0,0,0
0,778,0,0,0
1,0,0,776,1
0,778,0,0,0
778,0,0,0,0
0,0,778,0,0
777,0,0,1,0
2,0,0,774,1
2,0,0,775,0
776,0,0,1,1
778,0,0,0,0
776,0,0,0,0
3,0,0,774,1
778,0,0,0,0
775,0,0,0,0
0,0,777,0,0
0,778,0,0,0
778,0,0,0,0
0,778,0,0,0
778,0,0,0,0
0,772,0,0,3
0,778,0,0,0
0,778,0,0,0
0,771,0,0,0
778,0,0,0,0
0,0,778,0,0
777,0,0,0,0
778,0,0,0,0
776,0,0,0,0
1,0,0,777,0
778,0,0,0,0
0,778,0,0,0
1,0,0,777,0
778,0,0,0,0
0,1,776,0,0
0,0,0,774,1
5,0,0,772,0
1,0,0,771,0
777,0,0,0,1
776,0,0,0,0
0,1,776,0,0
0,778,0,0,0
778,0,0,0,0
0,0,776,0,1
777,0,0,0,1
777,0,0,0,1
775,0,0,0,1
0,776,0,1,1
1,0,776,0,0
777,0,0,0,0
0,2,776,0,0
4,0,0,774,0
0,778,0,0,0
0,0,0,778,0
0,0,778,0,0
0,778,0,0,0
2,0,0,776,0
778,0,0,0,0
777,0,0,0,0
0,0,0,778,0
0,778,0,0,0
1,0,776,0,1
777,0,0,0,0
778,0,0,0,0
2,0,0,776,0
0,773,0,0,5
0,778,0,0,0
0,777,0,0,0
0,0,0,777,0
778,0,0,0,0
777,0,0,0,0
0,0,0,778,0
1,0,0,776,0
0,776,0,0,2
0,0,0,776,2
776,0,0,0,1
0,776,0,0,2
776,0,0,0,1
0,2,773,1,1
0,0,778,0,0
0,0,769,0,0
0,773,1,0,3
0,0,772,0,4
1,0,0,773,3
0,776,0,0,2
0,776,0,0,2
775,0,0,0,3
772,0,0,0,4
0,773,1,0,4
774,0,0,0,4
2,0,0,771,5
760,0,0,1,3
347,0,0,378,2
0,689,84,0,2
0,772,0,0,0
2,0,0,771,4
776,0,0,0,1
0,0,0,778,0
0,778,0,0,0
0,776,0,0,0
776,0,0,0,0
778,0,0,0,0
778,0,0,0,0
773,0,0,0,0
1,0,0,777,0
5,0,0,773,0
0,777,0,0,0
778,0,0,0,0
0,778,0,0,0
0,777,0,0,0
3,0,0,773,0
777,0,0,0,0
0,778,0,0,0
0,778,0,0,0
0,778,0,0,0
0,773,0,0,0
777,0,0,0,1
778,0,0,0,0
777,0,0,0,0
1,0,0,776,1
778,0,0,0,0
774,0,0,0,0
2,0,0,776,0
778,0,0,0,0
0,778,0,0,0
0,0,0,778,0
0,0,0,778,0
777,0,0,0,0
778,0,0,0,0
777,0,0,0,0
0,0,778,0,0
778,0,0,0,0
0,777,0,0,1
0,777,0,0,0
0,0,778,0,0
0,778,0,0,0
0,778,0,0,0
2,0,0,775,0
1,0,0,776,0
777,0,0,0,1
0,0,778,0,0
777,0,0,0,0
0,0,777,0,1
775,0,0,0,1
778,0,0,0,0
778,0,0,0,0
774,0,0,0,0
1,777,0,0,0
1,0,0,776,1
0,0,0,777,0
778,0,0,0,0
778,0,0,0,0
0,776,0,1,1
778,0,0,0,0
0,0,778,0,0
777,0,0,0,1
778,0,0,0,0
2,0,770,0,0
0,145,612,0,5
778,0,0,0,0
0,776,0,0,1
774,0,0,0,1
487,255,0,0,1
0,0,777,0,0
0,778,0,0,0
0,0,774,0,4
778,0,0,0,0
0,0,768,0,2
418,2,1,325,5
0,0,777,0,0
778,0,0,0,0
776,0,0,0,0
0,778,0,0,0
2,0,0,773,3
0,776,0,0,1
777,0,0,0,0
0,777,0,0,1
777,0,0,0,0
0,0,778,0,0
778,0,0,0,0
0,774,0,0,3
0,0,770,0,1
378,1,11,355,0
4,164,581,4,1
1,0,0,775,0
1,0,0,773,0
0,0,778,0,0
778,0,0,0,0
2,0,0,775,0
777,0,0,0,0
0,0,778,0,0
777,0,0,0,1
777,0,0,0,1
777,0,0,0,0
0,0,778,0,0
777,0,0,0,1
778,0,0,0,0
778,0,0,0,0
774,1,0,0,0
1,0,0,776,1
777,0,0,0,1
775,0,0,0,0
0,776,0,1,0
0,0,0,776,2
2,0,0,773,0
778,0,0,0,0
778,0,0,0,0
0,776,0,0,1
0,0,760,0,1
391,0,368,0,2
774,0,0,0,1
754,0,1,1,3
0,1,0,770,3
0,414,338,1,3
0,760,0,0,1
775,0,0,1,2
777,0,0,0,1
0,0,774,0,4
0,772,0,0,5
0,776,0,0,0
0,0,777,0,1
754,0,0,0,20
777,0,0,0,0
756,0,0,0,1
276,1,0,459,1
0,774,1,1,1
0,775,0,0,1
778,0,0,0,0
1,0,0,776,0
774,0,0,0,1
0,0,776,0,1
778,0,0,0,0
1,0,777,0,0
778,0,0,0,0
777,0,0,0,0
0,0,776,0,0
314,0,430,0,0
0,775,1,0,1
0,777,0,0,0
4,0,0,773,1
778,0,0,0,0
777,0,0,0,0
1,0,0,777,0
778,0,0,0,0
0,778,0,0,0
2,0,0,776,0
1,0,0,776,0
778,0,0,0,0
778,0,0,0,0
2,0,0,775,0
0,0,778,0,0
3,0,0,775,0
0,778,0,0,0
0,778,0,0,0
0,1,774,0,3
777,0,0,0,1
777,0,0,0,1
1,1,775,0,1
0,777,0,0,1
777,0,0,0,1
3,0,0,773,2
0,0,778,0,0
777,0,0,0,0
1,0,0,777,0
778,0,0,0,0
0,0,778,0,0
0,0,775,0,0
778,0,0,0,0
0,778,0,0,0
0,778,0,0,0
778,0,0,0,0
0,778,0,0,0
0,0,778,0,0
778,0,0,0,0
777,0,0,0,0
0,0,778,0,0
777,0,0,0,1
778,0,0,0,0
777,0,0,0,0
771,0,0,0,1
1,776,0,0,1
777,0,0,0,0
0,0,778,0,0
0,777,0,1,0
0,0,777,0,0
0,1,775,0,0
777,0,0,0,1
778,0,0,0,0
0,777,0,1,0
0,778,0,0,0
1,0,0,775,1
1,0,0,774,1
0,0,778,0,0
0,0,0,778,0
778,0,0,0,0
0,778,0,0,0
2,0,0,775,1
1,0,0,777,0
0,2,775,0,1
1,0,777,0,0
0,0,774,0,0
0,775,0,0,2
1,0,0,777,0
0,777,0,0,1
2,0,772,0,3
0,0,774,0,1
0,771,0,0,6
0,778,0,0,0
0,778,0,0,0
0,773,0,0,0
775,0,0,0,1
0,0,776,0,1
0,0,775,1,0
777,0,0,0,1
0,0,0,777,1
778,0,0,0,0
0,0,778,0,0
777,0,0,0,0
778,0,0,0,0
0,0,776,0,1
0,0,777,0,0
778,0,0,0,0
0,777,0,0,1
0,778,0,0,0
778,0,0,0,0
1,0,776,0,1
0,0,777,0,0
0,775,0,0,3
0,0,0,777,1
0,778,0,0,0
0,0,776,0,0
0,0,770,0,1
771,1,0,0,2
1,1,762,0,0
548,0,2,0,215
0,0,774,0,1
777,0,0,0,0
778,0,0,0,0
0,778,0,0,0
1,0,777,0,0
0,778,0,0,0
0,0,0,778,0
0,0,778,0,0
0,0,778,0,0
0,0,776,0,0
0,778,0,0,0
0,778,0,0,0
0,778,0,0,0
0,0,778,0,0
1,0,776,0,0
776,0,0,0,0
778,0,0,0,0
776,0,0,0,0
2,0,0,776,0
777,0,0,0,0
0,778,0,0,0
0,1,775,0,0
0,0,777,0,0
0,0,767,0,0
778,0,0,0,0
768,0,0,1,0
1,2,473,272,2
2,1,0,755,0
777,0,0,0,0
777,0,0,1,0
778,0,0,0,0
771,0,0,0,0
1,0,0,777,0
778,0,0,0,0
1,0,0,777,0
778,0,0,0,0
1,0,0,777,0
778,0,0,0,0
0,778,0,0,0
0,0,778,0,0
776,0,0,0,0
2,0,774,0,1
775,0,0,0,2
0,776,0,0,1
1,0,0,775,2
776,0,0,0,1
0,778,0,0,0
0,0,774,0,4
0,0,773,0,1
0,777,0,0,1
0,777,0,0,1
0,0,777,0,1
0,776,0,0,2
0,777,0,0,0
3,0,0,772,1
778,0,0,0,0
0,0,0,777,0
0,775,0,0,2
0,778,0,0,0
0,773,0,0,1
2,0,0,773,2
0,776,0,0,2
776,0,0,0,2
775,0,0,0,2
1,0,776,0,1
777,0,0,0,1
1,0,0,775,1
0,0,775,0,2
0,776,0,0,1
0,0,0,776,2
0,0,777,0,0
0,775,0,0,0
3,0,0,762,6
3,0,0,772,1
3,0,0,760,1
774,0,0,1,3
0,776,0,0,2
0,775,0,0,1
776,0,0,0,1
0,0,777,0,1
777,0,0,0,1
0,0,777,0,0
778,0,0,0,0
0,778,0,0,0
3,0,0,774,1
3,0,0,775,0
0,0,777,0,0
777,0,0,0,0
0,776,0,0,1
0,0,0,778,0
1,0,0,776,0
778,0,0,0,0
0,777,0,0,1
0,0,0,777,1
776,0,0,0,1
776,0,0,0,1
0,0,777,0,1
0,777,1,0,0
778,0,0,0,0
0,775,0,0,1
776,0,0,0,1
0,0,769,0,0
459,0,0,298,10
775,0,0,0,0
732,0,0,0,0
0,777,0,0,1
778,0,0,0,0
776,0,0,1,0
0,0,0,777,1
0,778,0,0,0
0,778,0,0,0
0,775,0,0,0
0,0,777,0,0
0,0,777,0,0
0,0,0,777,1
0,777,0,0,1
0,0,777,0,1
0,777,0,0,1
777,0,0,0,1
0,0,1538,0,0
767,0,0,778,0
778,0,770,0,0
776,773,0,0,0
0,0,777,775,0
777,777,0,0,0
777,0,775,0,0
0,0,766,777,0
